<keymap version="1" name="Default for GNOME MacOS" parent="Default for GNOME">
  <action id="$Copy">
    <keyboard-shortcut first-keystroke="alt c" />
  </action>
  <action id="$Cut">
    <keyboard-shortcut first-keystroke="alt x" />
  </action>
  <action id="$Paste">
    <keyboard-shortcut first-keystroke="alt v" />
  </action>
  <action id="$Redo">
    <keyboard-shortcut first-keystroke="alt r" />
  </action>
  <action id="$SelectAll">
    <keyboard-shortcut first-keystroke="alt a" />
  </action>
  <action id="$Undo">
    <keyboard-shortcut first-keystroke="alt z" />
  </action>
  <action id="ActivateTerminalToolWindow">
    <keyboard-shortcut first-keystroke="f12" />
  </action>
  <action id="AddToFavoritesPopup" />
  <action id="Back">
    <keyboard-shortcut first-keystroke="shift alt left" />
  </action>
  <action id="CheckinProject">
    <keyboard-shortcut first-keystroke="alt k" />
  </action>
  <action id="CloseContent">
    <keyboard-shortcut first-keystroke="alt w" />
  </action>
  <action id="CommentByBlockComment">
    <keyboard-shortcut first-keystroke="shift alt slash" />
  </action>
  <action id="CommentByLineComment">
    <keyboard-shortcut first-keystroke="alt slash" />
  </action>
  <action id="CopyPaths" />
  <action id="CopyReference" />
  <action id="Diff.ApplyLeftSide" />
  <action id="Diff.ApplyRightSide" />
  <action id="Editor Copy">
    <keyboard-shortcut first-keystroke="alt c" />
  </action>
  <action id="Editor Cut">
    <keyboard-shortcut first-keystroke="alt x" />
  </action>
  <action id="Editor Paste">
    <keyboard-shortcut first-keystroke="alt v" />
  </action>
  <action id="Editor Redo">
    <keyboard-shortcut first-keystroke="alt r" />
  </action>
  <action id="Editor SelectAll">
    <keyboard-shortcut first-keystroke="alt a" />
  </action>
  <action id="Editor Undo">
    <keyboard-shortcut first-keystroke="alt z" />
  </action>
  <action id="EditorAddOrRemoveCaret" />
  <action id="EditorCreateRectangularSelectionOnMouseDrag">
    <mouse-shortcut keystroke="button2" />
  </action>
  <action id="EditorDeleteLine">
    <keyboard-shortcut first-keystroke="alt back_space" />
  </action>
  <action id="EditorPasteSimple">
    <keyboard-shortcut first-keystroke="shift alt v" />
  </action>
  <action id="EmmetNextEditPoint" />
  <action id="EmmetPreviousEditPoint" />
  <action id="ExportToTextFile" />
  <action id="Find">
    <keyboard-shortcut first-keystroke="alt f" />
  </action>
  <action id="FindInPath">
    <keyboard-shortcut first-keystroke="shift alt f" />
  </action>
  <action id="Forward">
    <keyboard-shortcut first-keystroke="shift alt right" />
  </action>
  <action id="GotoAction">
    <keyboard-shortcut first-keystroke="shift alt a" />
  </action>
  <action id="GotoClass">
    <keyboard-shortcut first-keystroke="alt o" />
  </action>
  <action id="GotoDeclaration">
    <mouse-shortcut keystroke="alt button1" />
  </action>
  <action id="GotoFile">
    <keyboard-shortcut first-keystroke="shift alt o" />
  </action>
  <action id="GotoSymbol" />
  <action id="GotoTypeDeclaration">
    <mouse-shortcut keystroke="shift alt button1" />
  </action>
  <action id="HideAllWindows">
    <keyboard-shortcut first-keystroke="shift alt f12" />
  </action>
  <action id="HippieBackwardCompletion" />
  <action id="HippieCompletion" />
  <action id="IntroduceField" />
  <action id="IntroduceProperty" />
  <action id="JumpToLastChange" />
  <action id="JumpToLastWindow" />
  <action id="NextEditorTab" />
  <action id="NextTab">
    <keyboard-shortcut first-keystroke="shift alt close_bracket" />
  </action>
  <action id="PasteMultiple" />
  <action id="PreviousEditorTab" />
  <action id="PreviousTab">
    <keyboard-shortcut first-keystroke="shift alt open_bracket" />
  </action>
  <action id="ShowFilterPopup" />
  <action id="Terminal.MoveToolWindowTabLeft" />
  <action id="Terminal.MoveToolWindowTabRight" />
  <action id="ToggleFullScreen">
    <keyboard-shortcut first-keystroke="ctrl alt f" />
  </action>
  <action id="Vcs.Log.ShowAllAffected" />
  <action id="VcsHistory.ShowAllAffected" />
</keymap>